{"proxies":{"appcelerator.ble.peripheral.TiBLEPeripheralManagerProxy":{"superPackageName":"org.appcelerator.kroll","dynamicProperties":{"peripheralManagerState":{"set":false,"nativeConverter":"org.appcelerator.kroll.KrollConverter","getMethodName":"peripheralManagerState","converter":"org.appcelerator.kroll.KrollConverter","defaultValueProvider":"org.appcelerator.kroll.KrollConverter","javascriptConverter":"org.appcelerator.kroll.KrollConverter","getHasInvocation":false,"runOnUiThread":false,"getMethodArgs":[],"getReturnType":"int","get":true,"name":"peripheralManagerState","setHasInvocation":false,"getDefaultProviders":[]},"isAdvertising":{"set":false,"nativeConverter":"org.appcelerator.kroll.KrollConverter","getMethodName":"isAdvertising","converter":"org.appcelerator.kroll.KrollConverter","defaultValueProvider":"org.appcelerator.kroll.KrollConverter","javascriptConverter":"org.appcelerator.kroll.KrollConverter","getHasInvocation":false,"runOnUiThread":false,"getMethodArgs":[],"getReturnType":"boolean","get":true,"name":"isAdvertising","setHasInvocation":false,"getDefaultProviders":[]}},"methods":{"stopAdvertising":{"runOnUiThread":false,"hasInvocation":false,"args":[],"apiName":"stopAdvertising","converter":"org.appcelerator.kroll.KrollConverter","defaultValueProvider":"org.appcelerator.kroll.KrollConverter","name":"__default_name__","returnType":"void"},"respondToCharacteristicRequest":{"runOnUiThread":false,"hasInvocation":false,"args":[{"converter":"org.appcelerator.kroll.KrollConverter","defaultValueProvider":"org.appcelerator.kroll.KrollConverter","name":"dict","sourceName":"dict","type":"org.appcelerator.kroll.KrollDict"}],"apiName":"respondToRequest","converter":"org.appcelerator.kroll.KrollConverter","defaultValueProvider":"org.appcelerator.kroll.KrollConverter","name":"respondToRequest","returnType":"void"},"publishL2CAPChannel":{"runOnUiThread":false,"hasInvocation":false,"args":[{"converter":"org.appcelerator.kroll.KrollConverter","defaultValueProvider":"org.appcelerator.kroll.KrollConverter","name":"dict","sourceName":"dict","type":"org.appcelerator.kroll.KrollDict"}],"apiName":"publishL2CAPChannel","converter":"org.appcelerator.kroll.KrollConverter","defaultValueProvider":"org.appcelerator.kroll.KrollConverter","name":"__default_name__","returnType":"void"},"removeService":{"runOnUiThread":false,"hasInvocation":false,"args":[{"converter":"org.appcelerator.kroll.KrollConverter","defaultValueProvider":"org.appcelerator.kroll.KrollConverter","name":"dict","sourceName":"dict","type":"org.appcelerator.kroll.KrollDict"}],"apiName":"removeService","converter":"org.appcelerator.kroll.KrollConverter","defaultValueProvider":"org.appcelerator.kroll.KrollConverter","name":"__default_name__","returnType":"void"},"addService":{"runOnUiThread":false,"hasInvocation":false,"args":[{"converter":"org.appcelerator.kroll.KrollConverter","defaultValueProvider":"org.appcelerator.kroll.KrollConverter","name":"dict","sourceName":"dict","type":"org.appcelerator.kroll.KrollDict"}],"apiName":"addService","converter":"org.appcelerator.kroll.KrollConverter","defaultValueProvider":"org.appcelerator.kroll.KrollConverter","name":"__default_name__","returnType":"appcelerator.ble.TiBLEServiceProxy"},"removeAllServices":{"runOnUiThread":false,"hasInvocation":false,"args":[],"apiName":"removeAllServices","converter":"org.appcelerator.kroll.KrollConverter","defaultValueProvider":"org.appcelerator.kroll.KrollConverter","name":"__default_name__","returnType":"void"},"closePeripheral":{"runOnUiThread":false,"hasInvocation":false,"args":[],"apiName":"closePeripheral","converter":"org.appcelerator.kroll.KrollConverter","defaultValueProvider":"org.appcelerator.kroll.KrollConverter","name":"__default_name__","returnType":"void"},"respondToDescriptorRequest":{"runOnUiThread":false,"hasInvocation":false,"args":[{"converter":"org.appcelerator.kroll.KrollConverter","defaultValueProvider":"org.appcelerator.kroll.KrollConverter","name":"dict","sourceName":"dict","type":"org.appcelerator.kroll.KrollDict"}],"apiName":"respondToDescriptorRequest","converter":"org.appcelerator.kroll.KrollConverter","defaultValueProvider":"org.appcelerator.kroll.KrollConverter","name":"__default_name__","returnType":"void"},"unpublishL2CAPChannel":{"runOnUiThread":false,"hasInvocation":false,"args":[{"converter":"org.appcelerator.kroll.KrollConverter","defaultValueProvider":"org.appcelerator.kroll.KrollConverter","name":"dict","sourceName":"dict","type":"org.appcelerator.kroll.KrollDict"}],"apiName":"unpublishL2CAPChannel","converter":"org.appcelerator.kroll.KrollConverter","defaultValueProvider":"org.appcelerator.kroll.KrollConverter","name":"__default_name__","returnType":"void"},"updateCharacteristicAndNotifySubscribers":{"runOnUiThread":false,"hasInvocation":false,"args":[{"converter":"org.appcelerator.kroll.KrollConverter","defaultValueProvider":"org.appcelerator.kroll.KrollConverter","name":"dict","sourceName":"dict","type":"org.appcelerator.kroll.KrollDict"}],"apiName":"updateValue","converter":"org.appcelerator.kroll.KrollConverter","defaultValueProvider":"org.appcelerator.kroll.KrollConverter","name":"updateValue","returnType":"boolean"},"startAdvertising":{"runOnUiThread":false,"hasInvocation":false,"args":[{"converter":"org.appcelerator.kroll.KrollConverter","defaultValueProvider":"org.appcelerator.kroll.KrollConverter","name":"dict","sourceName":"dict","type":"org.appcelerator.kroll.KrollDict"}],"apiName":"startAdvertising","converter":"org.appcelerator.kroll.KrollConverter","defaultValueProvider":"org.appcelerator.kroll.KrollConverter","name":"__default_name__","returnType":"void"}},"superProxyBindingClassName":"org.appcelerator.kroll.KrollProxyBindingGen","proxyClassName":"TiBLEPeripheralManagerProxy","proxyAttrs":{"propertyAccessors":[],"fullAPIName":"TiBLEPeripheralManager","name":"TiBLEPeripheralManager","proxyClassName":"appcelerator.ble.peripheral.TiBLEPeripheralManagerProxy","isTopLevel":false,"id":"appcelerator.ble.peripheral.TiBLEPeripheralManagerProxy","creatableInModule":"org.appcelerator.kroll.annotations.Kroll.DEFAULT","parentModule":"org.appcelerator.kroll.annotations.Kroll.DEFAULT"},"packageName":"appcelerator.ble.peripheral","sourceName":"appcelerator.ble.peripheral.TiBLEPeripheralManagerProxyBindingGen","isTitaniumSdk":false,"superProxyClassName":"KrollProxy","isModule":false,"genClassName":"TiBLEPeripheralManagerProxyBindingGen"},"appcelerator.ble.TiBLECentralManagerProxy":{"superPackageName":"org.appcelerator.kroll","methods":{"createPeripheral":{"runOnUiThread":false,"hasInvocation":false,"args":[{"converter":"org.appcelerator.kroll.KrollConverter","defaultValueProvider":"org.appcelerator.kroll.KrollConverter","name":"address","sourceName":"address","type":"java.lang.String"}],"apiName":"createPeripheral","converter":"org.appcelerator.kroll.KrollConverter","defaultValueProvider":"org.appcelerator.kroll.KrollConverter","name":"__default_name__","returnType":"appcelerator.ble.TiBLEPeripheralProxy"},"requestAccessFineLocationPermission":{"runOnUiThread":false,"hasInvocation":false,"args":[{"converter":"org.appcelerator.kroll.KrollConverter","defaultValueProvider":"org.appcelerator.kroll.KrollConverter","name":"permissionCallback","optional":true,"sourceName":"permissionCallback","type":"org.appcelerator.kroll.KrollFunction"}],"apiName":"requestAccessFineLocationPermission","converter":"org.appcelerator.kroll.KrollConverter","defaultValueProvider":"org.appcelerator.kroll.KrollConverter","name":"__default_name__","returnType":"org.appcelerator.kroll.KrollPromise<org.appcelerator.kroll.KrollDict>"},"stopScan":{"runOnUiThread":false,"hasInvocation":false,"args":[],"apiName":"stopScan","converter":"org.appcelerator.kroll.KrollConverter","defaultValueProvider":"org.appcelerator.kroll.KrollConverter","name":"__default_name__","returnType":"void"},"isAccessFineLocationPermissionGranted":{"runOnUiThread":false,"hasInvocation":false,"args":[],"apiName":"isAccessFineLocationPermissionGranted","converter":"org.appcelerator.kroll.KrollConverter","defaultValueProvider":"org.appcelerator.kroll.KrollConverter","name":"__default_name__","returnType":"boolean"},"startScan":{"runOnUiThread":false,"hasInvocation":false,"args":[{"converter":"org.appcelerator.kroll.KrollConverter","defaultValueProvider":"org.appcelerator.kroll.KrollConverter","name":"dict","optional":true,"sourceName":"dict","type":"org.appcelerator.kroll.KrollDict"}],"apiName":"startScan","converter":"org.appcelerator.kroll.KrollConverter","defaultValueProvider":"org.appcelerator.kroll.KrollConverter","name":"__default_name__","returnType":"void"},"cancelPeripheralConnection":{"runOnUiThread":false,"hasInvocation":false,"args":[{"converter":"org.appcelerator.kroll.KrollConverter","defaultValueProvider":"org.appcelerator.kroll.KrollConverter","name":"dict","sourceName":"dict","type":"org.appcelerator.kroll.KrollDict"}],"apiName":"cancelPeripheralConnection","converter":"org.appcelerator.kroll.KrollConverter","defaultValueProvider":"org.appcelerator.kroll.KrollConverter","name":"__default_name__","returnType":"void"},"connectPeripheral":{"runOnUiThread":false,"hasInvocation":false,"args":[{"converter":"org.appcelerator.kroll.KrollConverter","defaultValueProvider":"org.appcelerator.kroll.KrollConverter","name":"dict","sourceName":"dict","type":"org.appcelerator.kroll.KrollDict"}],"apiName":"connectPeripheral","converter":"org.appcelerator.kroll.KrollConverter","defaultValueProvider":"org.appcelerator.kroll.KrollConverter","name":"__default_name__","returnType":"void"}},"dynamicProperties":{"isScanning":{"set":false,"nativeConverter":"org.appcelerator.kroll.KrollConverter","getMethodName":"isScanning","converter":"org.appcelerator.kroll.KrollConverter","defaultValueProvider":"org.appcelerator.kroll.KrollConverter","javascriptConverter":"org.appcelerator.kroll.KrollConverter","getHasInvocation":false,"runOnUiThread":false,"getMethodArgs":[],"getReturnType":"boolean","get":true,"name":"isScanning","setHasInvocation":false,"getDefaultProviders":[]},"peripherals":{"set":false,"nativeConverter":"org.appcelerator.kroll.KrollConverter","getMethodName":"peripherals","converter":"org.appcelerator.kroll.KrollConverter","defaultValueProvider":"org.appcelerator.kroll.KrollConverter","javascriptConverter":"org.appcelerator.kroll.KrollConverter","getHasInvocation":false,"runOnUiThread":false,"getMethodArgs":[],"getReturnType":"appcelerator.ble.TiBLEPeripheralProxy[]","get":true,"name":"peripherals","setHasInvocation":false,"getDefaultProviders":[]},"state":{"set":false,"nativeConverter":"org.appcelerator.kroll.KrollConverter","getMethodName":"getState","converter":"org.appcelerator.kroll.KrollConverter","defaultValueProvider":"org.appcelerator.kroll.KrollConverter","javascriptConverter":"org.appcelerator.kroll.KrollConverter","getHasInvocation":false,"runOnUiThread":false,"getMethodArgs":[],"getReturnType":"int","get":true,"name":"state","setHasInvocation":false,"getDefaultProviders":[]}},"superProxyBindingClassName":"org.appcelerator.kroll.KrollProxyBindingGen","proxyClassName":"TiBLECentralManagerProxy","proxyAttrs":{"propertyAccessors":[],"fullAPIName":"TiBLECentralManager","name":"TiBLECentralManager","proxyClassName":"appcelerator.ble.TiBLECentralManagerProxy","isTopLevel":false,"id":"appcelerator.ble.TiBLECentralManagerProxy","creatableInModule":"org.appcelerator.kroll.annotations.Kroll.DEFAULT","parentModule":"org.appcelerator.kroll.annotations.Kroll.DEFAULT"},"packageName":"appcelerator.ble","sourceName":"appcelerator.ble.TiBLECentralManagerProxyBindingGen","isTitaniumSdk":false,"superProxyClassName":"KrollProxy","isModule":false,"genClassName":"TiBLECentralManagerProxyBindingGen"},"appcelerator.ble.TiBLEL2CAPChannelProxy":{"superPackageName":"org.appcelerator.kroll","dynamicProperties":{"psm":{"set":false,"nativeConverter":"org.appcelerator.kroll.KrollConverter","getMethodName":"getPsm","converter":"org.appcelerator.kroll.KrollConverter","defaultValueProvider":"org.appcelerator.kroll.KrollConverter","javascriptConverter":"org.appcelerator.kroll.KrollConverter","getHasInvocation":false,"runOnUiThread":false,"getMethodArgs":[],"getReturnType":"int","get":true,"name":"psm","setHasInvocation":false,"getDefaultProviders":[]}},"methods":{"setReadBufferSize":{"runOnUiThread":false,"hasInvocation":false,"args":[{"converter":"org.appcelerator.kroll.KrollConverter","defaultValueProvider":"org.appcelerator.kroll.KrollConverter","name":"newReadBufferSize","sourceName":"newReadBufferSize","type":"int"}],"apiName":"setReadBufferSize","converter":"org.appcelerator.kroll.KrollConverter","defaultValueProvider":"org.appcelerator.kroll.KrollConverter","name":"__default_name__","returnType":"void"},"write":{"runOnUiThread":false,"hasInvocation":false,"args":[{"converter":"org.appcelerator.kroll.KrollConverter","defaultValueProvider":"org.appcelerator.kroll.KrollConverter","name":"dict","sourceName":"dict","type":"org.appcelerator.kroll.KrollDict"}],"apiName":"write","converter":"org.appcelerator.kroll.KrollConverter","defaultValueProvider":"org.appcelerator.kroll.KrollConverter","name":"__default_name__","returnType":"void"},"close":{"runOnUiThread":false,"hasInvocation":false,"args":[],"apiName":"close","converter":"org.appcelerator.kroll.KrollConverter","defaultValueProvider":"org.appcelerator.kroll.KrollConverter","name":"__default_name__","returnType":"void"},"getReadBufferSize":{"runOnUiThread":false,"hasInvocation":false,"args":[],"apiName":"getReadBufferSize","converter":"org.appcelerator.kroll.KrollConverter","defaultValueProvider":"org.appcelerator.kroll.KrollConverter","name":"__default_name__","returnType":"int"}},"superProxyBindingClassName":"org.appcelerator.kroll.KrollProxyBindingGen","proxyClassName":"TiBLEL2CAPChannelProxy","proxyAttrs":{"propertyAccessors":[],"fullAPIName":"TiBLEL2CAPChannel","name":"TiBLEL2CAPChannel","proxyClassName":"appcelerator.ble.TiBLEL2CAPChannelProxy","isTopLevel":false,"id":"appcelerator.ble.TiBLEL2CAPChannelProxy","creatableInModule":"org.appcelerator.kroll.annotations.Kroll.DEFAULT","parentModule":"org.appcelerator.kroll.annotations.Kroll.DEFAULT"},"packageName":"appcelerator.ble","sourceName":"appcelerator.ble.TiBLEL2CAPChannelProxyBindingGen","isTitaniumSdk":false,"superProxyClassName":"KrollProxy","isModule":false,"genClassName":"TiBLEL2CAPChannelProxyBindingGen"},"appcelerator.ble.TiBLECharacteristicProxy":{"superPackageName":"org.appcelerator.kroll","dynamicProperties":{"descriptors":{"set":false,"nativeConverter":"org.appcelerator.kroll.KrollConverter","getMethodName":"descriptors","converter":"org.appcelerator.kroll.KrollConverter","defaultValueProvider":"org.appcelerator.kroll.KrollConverter","javascriptConverter":"org.appcelerator.kroll.KrollConverter","getHasInvocation":false,"runOnUiThread":false,"getMethodArgs":[],"getReturnType":"appcelerator.ble.TiBLEDescriptorProxy[]","get":true,"name":"descriptors","setHasInvocation":false,"getDefaultProviders":[]},"service":{"set":false,"nativeConverter":"org.appcelerator.kroll.KrollConverter","getMethodName":"service","converter":"org.appcelerator.kroll.KrollConverter","defaultValueProvider":"org.appcelerator.kroll.KrollConverter","javascriptConverter":"org.appcelerator.kroll.KrollConverter","getHasInvocation":false,"runOnUiThread":false,"getMethodArgs":[],"getReturnType":"appcelerator.ble.TiBLEServiceProxy","get":true,"name":"service","setHasInvocation":false,"getDefaultProviders":[]},"permissions":{"set":false,"nativeConverter":"org.appcelerator.kroll.KrollConverter","getMethodName":"permissions","converter":"org.appcelerator.kroll.KrollConverter","defaultValueProvider":"org.appcelerator.kroll.KrollConverter","javascriptConverter":"org.appcelerator.kroll.KrollConverter","getHasInvocation":false,"runOnUiThread":false,"getMethodArgs":[],"getReturnType":"int","get":true,"name":"permissions","setHasInvocation":false,"getDefaultProviders":[]},"mutable":{"set":false,"nativeConverter":"org.appcelerator.kroll.KrollConverter","getMethodName":"isMutable","converter":"org.appcelerator.kroll.KrollConverter","defaultValueProvider":"org.appcelerator.kroll.KrollConverter","javascriptConverter":"org.appcelerator.kroll.KrollConverter","getHasInvocation":false,"runOnUiThread":false,"getMethodArgs":[],"getReturnType":"boolean","get":true,"name":"mutable","setHasInvocation":false,"getDefaultProviders":[]},"uuid":{"set":false,"nativeConverter":"org.appcelerator.kroll.KrollConverter","getMethodName":"uuid","converter":"org.appcelerator.kroll.KrollConverter","defaultValueProvider":"org.appcelerator.kroll.KrollConverter","javascriptConverter":"org.appcelerator.kroll.KrollConverter","getHasInvocation":false,"runOnUiThread":false,"getMethodArgs":[],"getReturnType":"java.lang.String","get":true,"name":"uuid","setHasInvocation":false,"getDefaultProviders":[]},"value":{"set":false,"nativeConverter":"org.appcelerator.kroll.KrollConverter","getMethodName":"value","converter":"org.appcelerator.kroll.KrollConverter","defaultValueProvider":"org.appcelerator.kroll.KrollConverter","javascriptConverter":"org.appcelerator.kroll.KrollConverter","getHasInvocation":false,"runOnUiThread":false,"getMethodArgs":[],"getReturnType":"ti.modules.titanium.BufferProxy","get":true,"name":"value","setHasInvocation":false,"getDefaultProviders":[]},"properties":{"set":false,"nativeConverter":"org.appcelerator.kroll.KrollConverter","getMethodName":"properties","converter":"org.appcelerator.kroll.KrollConverter","defaultValueProvider":"org.appcelerator.kroll.KrollConverter","javascriptConverter":"org.appcelerator.kroll.KrollConverter","getHasInvocation":false,"runOnUiThread":false,"getMethodArgs":[],"getReturnType":"int","get":true,"name":"properties","setHasInvocation":false,"getDefaultProviders":[]}},"superProxyBindingClassName":"org.appcelerator.kroll.KrollProxyBindingGen","proxyClassName":"TiBLECharacteristicProxy","proxyAttrs":{"propertyAccessors":[],"fullAPIName":"TiBLECharacteristic","name":"TiBLECharacteristic","proxyClassName":"appcelerator.ble.TiBLECharacteristicProxy","isTopLevel":false,"id":"appcelerator.ble.TiBLECharacteristicProxy","creatableInModule":"org.appcelerator.kroll.annotations.Kroll.DEFAULT","parentModule":"org.appcelerator.kroll.annotations.Kroll.DEFAULT"},"packageName":"appcelerator.ble","sourceName":"appcelerator.ble.TiBLECharacteristicProxyBindingGen","isTitaniumSdk":false,"superProxyClassName":"KrollProxy","isModule":false,"genClassName":"TiBLECharacteristicProxyBindingGen"},"appcelerator.ble.AppceleratorBleModule":{"superPackageName":"org.appcelerator.kroll","dynamicProperties":{"ENABLE_INDICATION_VALUE":{"set":false,"nativeConverter":"org.appcelerator.kroll.KrollConverter","getMethodName":"getEnableIndicationValue","converter":"org.appcelerator.kroll.KrollConverter","defaultValueProvider":"org.appcelerator.kroll.KrollConverter","javascriptConverter":"org.appcelerator.kroll.KrollConverter","getHasInvocation":false,"runOnUiThread":false,"getMethodArgs":[],"getReturnType":"ti.modules.titanium.BufferProxy","get":true,"name":"ENABLE_INDICATION_VALUE","setHasInvocation":false,"getDefaultProviders":[]},"ENABLE_NOTIFICATION_VALUE":{"set":false,"nativeConverter":"org.appcelerator.kroll.KrollConverter","getMethodName":"getEnableNotificationValue","converter":"org.appcelerator.kroll.KrollConverter","defaultValueProvider":"org.appcelerator.kroll.KrollConverter","javascriptConverter":"org.appcelerator.kroll.KrollConverter","getHasInvocation":false,"runOnUiThread":false,"getMethodArgs":[],"getReturnType":"ti.modules.titanium.BufferProxy","get":true,"name":"ENABLE_NOTIFICATION_VALUE","setHasInvocation":false,"getDefaultProviders":[]},"DISABLE_NOTIFICATION_VALUE":{"set":false,"nativeConverter":"org.appcelerator.kroll.KrollConverter","getMethodName":"getDisableNotificationValue","converter":"org.appcelerator.kroll.KrollConverter","defaultValueProvider":"org.appcelerator.kroll.KrollConverter","javascriptConverter":"org.appcelerator.kroll.KrollConverter","getHasInvocation":false,"runOnUiThread":false,"getMethodArgs":[],"getReturnType":"ti.modules.titanium.BufferProxy","get":true,"name":"DISABLE_NOTIFICATION_VALUE","setHasInvocation":false,"getDefaultProviders":[]}},"methods":{"isBluetoothAndBluetoothAdminPermissionsGranted":{"runOnUiThread":false,"hasInvocation":false,"args":[],"apiName":"isBluetoothAndBluetoothAdminPermissionsGranted","converter":"org.appcelerator.kroll.KrollConverter","defaultValueProvider":"org.appcelerator.kroll.KrollConverter","name":"__default_name__","returnType":"boolean"},"initCentralManager":{"runOnUiThread":false,"hasInvocation":false,"args":[{"converter":"org.appcelerator.kroll.KrollConverter","defaultValueProvider":"org.appcelerator.kroll.KrollConverter","name":"dict","optional":true,"sourceName":"dict","type":"org.appcelerator.kroll.KrollDict"}],"apiName":"initCentralManager","converter":"org.appcelerator.kroll.KrollConverter","defaultValueProvider":"org.appcelerator.kroll.KrollConverter","name":"__default_name__","returnType":"appcelerator.ble.TiBLECentralManagerProxy"},"enable":{"runOnUiThread":false,"hasInvocation":false,"args":[],"apiName":"enable","converter":"org.appcelerator.kroll.KrollConverter","defaultValueProvider":"org.appcelerator.kroll.KrollConverter","name":"__default_name__","returnType":"boolean"},"disable":{"runOnUiThread":false,"hasInvocation":false,"args":[],"apiName":"disable","converter":"org.appcelerator.kroll.KrollConverter","defaultValueProvider":"org.appcelerator.kroll.KrollConverter","name":"__default_name__","returnType":"boolean"},"createMutableCharacteristic":{"runOnUiThread":false,"hasInvocation":false,"args":[{"converter":"org.appcelerator.kroll.KrollConverter","defaultValueProvider":"org.appcelerator.kroll.KrollConverter","name":"dict","sourceName":"dict","type":"org.appcelerator.kroll.KrollDict"}],"apiName":"createMutableCharacteristic","converter":"org.appcelerator.kroll.KrollConverter","defaultValueProvider":"org.appcelerator.kroll.KrollConverter","name":"__default_name__","returnType":"appcelerator.ble.peripheral.TiBLEMutableCharacteristicProxy"},"isEnabled":{"runOnUiThread":false,"hasInvocation":false,"args":[],"apiName":"isEnabled","converter":"org.appcelerator.kroll.KrollConverter","defaultValueProvider":"org.appcelerator.kroll.KrollConverter","name":"__default_name__","returnType":"boolean"},"isAdvertisingSupported":{"runOnUiThread":false,"hasInvocation":false,"args":[],"apiName":"isAdvertisingSupported","converter":"org.appcelerator.kroll.KrollConverter","defaultValueProvider":"org.appcelerator.kroll.KrollConverter","name":"__default_name__","returnType":"boolean"},"isSupported":{"runOnUiThread":false,"hasInvocation":false,"args":[],"apiName":"isSupported","converter":"org.appcelerator.kroll.KrollConverter","defaultValueProvider":"org.appcelerator.kroll.KrollConverter","name":"__default_name__","returnType":"boolean"},"initPeripheralManager":{"runOnUiThread":false,"hasInvocation":false,"args":[{"converter":"org.appcelerator.kroll.KrollConverter","defaultValueProvider":"org.appcelerator.kroll.KrollConverter","name":"dict","optional":true,"sourceName":"dict","type":"org.appcelerator.kroll.KrollDict"}],"apiName":"initPeripheralManager","converter":"org.appcelerator.kroll.KrollConverter","defaultValueProvider":"org.appcelerator.kroll.KrollConverter","name":"__default_name__","returnType":"appcelerator.ble.peripheral.TiBLEPeripheralManagerProxy"},"requestBluetoothPermissions":{"runOnUiThread":false,"hasInvocation":false,"args":[{"converter":"org.appcelerator.kroll.KrollConverter","defaultValueProvider":"org.appcelerator.kroll.KrollConverter","name":"permissionCallback","optional":true,"sourceName":"permissionCallback","type":"org.appcelerator.kroll.KrollFunction"}],"apiName":"requestBluetoothPermissions","converter":"org.appcelerator.kroll.KrollConverter","defaultValueProvider":"org.appcelerator.kroll.KrollConverter","name":"__default_name__","returnType":"org.appcelerator.kroll.KrollPromise<org.appcelerator.kroll.KrollDict>"},"createDescriptor":{"runOnUiThread":false,"hasInvocation":false,"args":[{"converter":"org.appcelerator.kroll.KrollConverter","defaultValueProvider":"org.appcelerator.kroll.KrollConverter","name":"dict","sourceName":"dict","type":"org.appcelerator.kroll.KrollDict"}],"apiName":"createDescriptor","converter":"org.appcelerator.kroll.KrollConverter","defaultValueProvider":"org.appcelerator.kroll.KrollConverter","name":"__default_name__","returnType":"appcelerator.ble.TiBLEDescriptorProxy"}},"superProxyClassName":"KrollModule","isModule":true,"genClassName":"AppceleratorBleModuleBindingGen","superProxyBindingClassName":"org.appcelerator.kroll.KrollModuleBindingGen","proxyClassName":"AppceleratorBleModule","proxyAttrs":{"propertyAccessors":[],"fullAPIName":"AppceleratorBleModule","name":"AppceleratorBleModule","proxyClassName":"appcelerator.ble.AppceleratorBleModule","isTopLevel":false,"id":"appcelerator.ble"},"packageName":"appcelerator.ble","sourceName":"appcelerator.ble.AppceleratorBleModuleBindingGen","constants":{"CHARACTERISTIC_PERMISSION_READ_ENCRYPTED":{"proxyName":"CHARACTERISTIC_PERMISSION_READ_ENCRYPTED","name":"CHARACTERISTIC_PERMISSION_READ_ENCRYPTED","type":"int","value":2},"ATT_REQUEST_NOT_SUPPORTED_ERROR":{"proxyName":"ATT_REQUEST_NOT_SUPPORTED_ERROR","name":"ATT_REQUEST_NOT_SUPPORTED_ERROR","type":"int","value":6},"CONNECTION_PRIORITY_BALANCED":{"proxyName":"CONNECTION_PRIORITY_BALANCED","name":"CONNECTION_PRIORITY_BALANCED","type":"int","value":0},"MANAGER_STATE_TURNING_OFF":{"proxyName":"MANAGER_STATE_TURNING_OFF","name":"MANAGER_STATE_TURNING_OFF","type":"int","value":13},"CHARACTERISTIC_TYPE_WRITE_WITHOUT_RESPONSE":{"proxyName":"CHARACTERISTIC_TYPE_WRITE_WITHOUT_RESPONSE","name":"CHARACTERISTIC_TYPE_WRITE_WITHOUT_RESPONSE","type":"int","value":1},"ATT_WRITE_NOT_PERMITTED_ERROR":{"proxyName":"ATT_WRITE_NOT_PERMITTED_ERROR","name":"ATT_WRITE_NOT_PERMITTED_ERROR","type":"int","value":3},"CHARACTERISTIC_PROPERTIES_WRITE_WITHOUT_RESPONSE":{"proxyName":"CHARACTERISTIC_PROPERTIES_WRITE_WITHOUT_RESPONSE","name":"CHARACTERISTIC_PROPERTIES_WRITE_WITHOUT_RESPONSE","type":"int","value":4},"ATT_READ_NOT_PERMITTED_ERROR":{"proxyName":"ATT_READ_NOT_PERMITTED_ERROR","name":"ATT_READ_NOT_PERMITTED_ERROR","type":"int","value":2},"ATT_SUCCESS":{"proxyName":"ATT_SUCCESS","name":"ATT_SUCCESS","type":"int","value":0},"CBUUID_CLIENT_CHARACTERISTIC_CONFIGURATION_STRING":{"proxyName":"CBUUID_CLIENT_CHARACTERISTIC_CONFIGURATION_STRING","name":"CBUUID_CLIENT_CHARACTERISTIC_CONFIGURATION_STRING","type":"java.lang.String","value":"00002902-0000-1000-8000-00805f9b34fb"},"CHARACTERISTIC_PROPERTIES_WRITE":{"proxyName":"CHARACTERISTIC_PROPERTIES_WRITE","name":"CHARACTERISTIC_PROPERTIES_WRITE","type":"int","value":8},"CHARACTERISTIC_PROPERTIES_NOTIFY":{"proxyName":"CHARACTERISTIC_PROPERTIES_NOTIFY","name":"CHARACTERISTIC_PROPERTIES_NOTIFY","type":"int","value":16},"ATT_INVALID_ATTRIBUTE_VALUE_LENGTH_ERROR":{"proxyName":"ATT_INVALID_ATTRIBUTE_VALUE_LENGTH_ERROR","name":"ATT_INVALID_ATTRIBUTE_VALUE_LENGTH_ERROR","type":"int","value":13},"CHARACTERISTIC_PROPERTIES_BROADCAST":{"proxyName":"CHARACTERISTIC_PROPERTIES_BROADCAST","name":"CHARACTERISTIC_PROPERTIES_BROADCAST","type":"int","value":1},"CHARACTERISTIC_PERMISSION_READABLE":{"proxyName":"CHARACTERISTIC_PERMISSION_READABLE","name":"CHARACTERISTIC_PERMISSION_READABLE","type":"int","value":1},"DESCRIPTOR_PERMISSION_READ":{"proxyName":"DESCRIPTOR_PERMISSION_READ","name":"DESCRIPTOR_PERMISSION_READ","type":"int","value":1},"ATT_FAILURE":{"proxyName":"ATT_FAILURE","name":"ATT_FAILURE","type":"int","value":257},"MANAGER_STATE_TURNING_ON":{"proxyName":"MANAGER_STATE_TURNING_ON","name":"MANAGER_STATE_TURNING_ON","type":"int","value":11},"CONNECTION_PRIORITY_HIGH":{"proxyName":"CONNECTION_PRIORITY_HIGH","name":"CONNECTION_PRIORITY_HIGH","type":"int","value":1},"CONNECTION_PRIORITY_LOW_POWER":{"proxyName":"CONNECTION_PRIORITY_LOW_POWER","name":"CONNECTION_PRIORITY_LOW_POWER","type":"int","value":2},"CHARACTERISTIC_PROPERTIES_READ":{"proxyName":"CHARACTERISTIC_PROPERTIES_READ","name":"CHARACTERISTIC_PROPERTIES_READ","type":"int","value":2},"CHARACTERISTIC_PROPERTIES_EXTENDED_PROPERTIES":{"proxyName":"CHARACTERISTIC_PROPERTIES_EXTENDED_PROPERTIES","name":"CHARACTERISTIC_PROPERTIES_EXTENDED_PROPERTIES","type":"int","value":128},"DESCRIPTOR_PERMISSION_WRITE_ENCRYPTED":{"proxyName":"DESCRIPTOR_PERMISSION_WRITE_ENCRYPTED","name":"DESCRIPTOR_PERMISSION_WRITE_ENCRYPTED","type":"int","value":32},"ATT_INSUFFICIENT_AUTHENTICATION_ERROR":{"proxyName":"ATT_INSUFFICIENT_AUTHENTICATION_ERROR","name":"ATT_INSUFFICIENT_AUTHENTICATION_ERROR","type":"int","value":5},"CHARACTERISTIC_PROPERTIES_SIGNED_WRITES":{"proxyName":"CHARACTERISTIC_PROPERTIES_SIGNED_WRITES","name":"CHARACTERISTIC_PROPERTIES_SIGNED_WRITES","type":"int","value":64},"CBUUID_L2CAPPSM_CHARACTERISTIC_STRING":{"proxyName":"CBUUID_L2CAPPSM_CHARACTERISTIC_STRING","name":"CBUUID_L2CAPPSM_CHARACTERISTIC_STRING","type":"java.lang.String","value":"ABDD3056-28FA-441D-A470-55A75A52553A"},"DESCRIPTOR_PERMISSION_READ_ENCRYPTED":{"proxyName":"DESCRIPTOR_PERMISSION_READ_ENCRYPTED","name":"DESCRIPTOR_PERMISSION_READ_ENCRYPTED","type":"int","value":2},"CHARACTERISTIC_PERMISSION_WRITEABLE":{"proxyName":"CHARACTERISTIC_PERMISSION_WRITEABLE","name":"CHARACTERISTIC_PERMISSION_WRITEABLE","type":"int","value":16},"ATT_INSUFFICIENT_ENCRYPTION_ERROR":{"proxyName":"ATT_INSUFFICIENT_ENCRYPTION_ERROR","name":"ATT_INSUFFICIENT_ENCRYPTION_ERROR","type":"int","value":15},"MANAGER_STATE_POWERED_OFF":{"proxyName":"MANAGER_STATE_POWERED_OFF","name":"MANAGER_STATE_POWERED_OFF","type":"int","value":10},"DESCRIPTOR_PERMISSION_WRITE":{"proxyName":"DESCRIPTOR_PERMISSION_WRITE","name":"DESCRIPTOR_PERMISSION_WRITE","type":"int","value":16},"CHARACTERISTIC_TYPE_WRITE_WITH_RESPONSE":{"proxyName":"CHARACTERISTIC_TYPE_WRITE_WITH_RESPONSE","name":"CHARACTERISTIC_TYPE_WRITE_WITH_RESPONSE","type":"int","value":2},"CHARACTERISTIC_PROPERTIES_INDICATE":{"proxyName":"CHARACTERISTIC_PROPERTIES_INDICATE","name":"CHARACTERISTIC_PROPERTIES_INDICATE","type":"int","value":32},"CHARACTERISTIC_PERMISSION_WRITE_ENCRYPTED":{"proxyName":"CHARACTERISTIC_PERMISSION_WRITE_ENCRYPTED","name":"CHARACTERISTIC_PERMISSION_WRITE_ENCRYPTED","type":"int","value":32},"ATT_INVALID_OFFSET_ERROR":{"proxyName":"ATT_INVALID_OFFSET_ERROR","name":"ATT_INVALID_OFFSET_ERROR","type":"int","value":7},"MOCK_UUID_FOR_CHARACTERISTIC_UT":{"proxyName":"MOCK_UUID_FOR_CHARACTERISTIC_UT","name":"MOCK_UUID_FOR_CHARACTERISTIC_UT","type":"java.lang.String","value":"3b07719f-d2fc-4d09-82f4-806e07702397"},"MANAGER_STATE_POWERED_ON":{"proxyName":"MANAGER_STATE_POWERED_ON","name":"MANAGER_STATE_POWERED_ON","type":"int","value":12}},"isTitaniumSdk":false},"appcelerator.ble.peripheral.TiBLECentralProxy":{"superPackageName":"org.appcelerator.kroll","dynamicProperties":{"address":{"set":false,"nativeConverter":"org.appcelerator.kroll.KrollConverter","getMethodName":"address","converter":"org.appcelerator.kroll.KrollConverter","defaultValueProvider":"org.appcelerator.kroll.KrollConverter","javascriptConverter":"org.appcelerator.kroll.KrollConverter","getHasInvocation":false,"runOnUiThread":false,"getMethodArgs":[],"getReturnType":"java.lang.String","get":true,"name":"address","setHasInvocation":false,"getDefaultProviders":[]}},"superProxyBindingClassName":"org.appcelerator.kroll.KrollProxyBindingGen","proxyClassName":"TiBLECentralProxy","proxyAttrs":{"propertyAccessors":[],"fullAPIName":"TiBLECentral","name":"TiBLECentral","proxyClassName":"appcelerator.ble.peripheral.TiBLECentralProxy","isTopLevel":false,"id":"appcelerator.ble.peripheral.TiBLECentralProxy","creatableInModule":"org.appcelerator.kroll.annotations.Kroll.DEFAULT","parentModule":"org.appcelerator.kroll.annotations.Kroll.DEFAULT"},"packageName":"appcelerator.ble.peripheral","sourceName":"appcelerator.ble.peripheral.TiBLECentralProxyBindingGen","isTitaniumSdk":false,"superProxyClassName":"KrollProxy","isModule":false,"genClassName":"TiBLECentralProxyBindingGen"},"appcelerator.ble.TiBLEPeripheralProxy":{"superPackageName":"org.appcelerator.kroll","dynamicProperties":{"address":{"set":false,"nativeConverter":"org.appcelerator.kroll.KrollConverter","getMethodName":"address","converter":"org.appcelerator.kroll.KrollConverter","defaultValueProvider":"org.appcelerator.kroll.KrollConverter","javascriptConverter":"org.appcelerator.kroll.KrollConverter","getHasInvocation":false,"runOnUiThread":false,"getMethodArgs":[],"getReturnType":"java.lang.String","get":true,"name":"address","setHasInvocation":false,"getDefaultProviders":[]},"name":{"set":false,"nativeConverter":"org.appcelerator.kroll.KrollConverter","getMethodName":"name","converter":"org.appcelerator.kroll.KrollConverter","defaultValueProvider":"org.appcelerator.kroll.KrollConverter","javascriptConverter":"org.appcelerator.kroll.KrollConverter","getHasInvocation":false,"runOnUiThread":false,"getMethodArgs":[],"getReturnType":"java.lang.String","get":true,"name":"name","setHasInvocation":false,"getDefaultProviders":[]},"isConnected":{"set":false,"nativeConverter":"org.appcelerator.kroll.KrollConverter","getMethodName":"isConnected","converter":"org.appcelerator.kroll.KrollConverter","defaultValueProvider":"org.appcelerator.kroll.KrollConverter","javascriptConverter":"org.appcelerator.kroll.KrollConverter","getHasInvocation":false,"runOnUiThread":false,"getMethodArgs":[],"getReturnType":"boolean","get":true,"name":"isConnected","setHasInvocation":false,"getDefaultProviders":[]},"services":{"set":false,"nativeConverter":"org.appcelerator.kroll.KrollConverter","getMethodName":"services","converter":"org.appcelerator.kroll.KrollConverter","defaultValueProvider":"org.appcelerator.kroll.KrollConverter","javascriptConverter":"org.appcelerator.kroll.KrollConverter","getHasInvocation":false,"runOnUiThread":false,"getMethodArgs":[],"getReturnType":"appcelerator.ble.TiBLEServiceProxy[]","get":true,"name":"services","setHasInvocation":false,"getDefaultProviders":[]}},"methods":{"unsubscribeFromCharacteristic":{"runOnUiThread":false,"hasInvocation":false,"args":[{"converter":"org.appcelerator.kroll.KrollConverter","defaultValueProvider":"org.appcelerator.kroll.KrollConverter","name":"dict","sourceName":"dict","type":"org.appcelerator.kroll.KrollDict"}],"apiName":"unsubscribeFromCharacteristic","converter":"org.appcelerator.kroll.KrollConverter","defaultValueProvider":"org.appcelerator.kroll.KrollConverter","name":"__default_name__","returnType":"void"},"readValueForDescriptor":{"runOnUiThread":false,"hasInvocation":false,"args":[{"converter":"org.appcelerator.kroll.KrollConverter","defaultValueProvider":"org.appcelerator.kroll.KrollConverter","name":"dict","sourceName":"dict","type":"org.appcelerator.kroll.KrollDict"}],"apiName":"readValueForDescriptor","converter":"org.appcelerator.kroll.KrollConverter","defaultValueProvider":"org.appcelerator.kroll.KrollConverter","name":"__default_name__","returnType":"void"},"readRSSI":{"runOnUiThread":false,"hasInvocation":false,"args":[],"apiName":"readRSSI","converter":"org.appcelerator.kroll.KrollConverter","defaultValueProvider":"org.appcelerator.kroll.KrollConverter","name":"__default_name__","returnType":"void"},"discoverCharacteristics":{"runOnUiThread":false,"hasInvocation":false,"args":[{"converter":"org.appcelerator.kroll.KrollConverter","defaultValueProvider":"org.appcelerator.kroll.KrollConverter","name":"dict","sourceName":"dict","type":"org.appcelerator.kroll.KrollDict"}],"apiName":"discoverCharacteristics","converter":"org.appcelerator.kroll.KrollConverter","defaultValueProvider":"org.appcelerator.kroll.KrollConverter","name":"__default_name__","returnType":"void"},"subscribeToCharacteristic":{"runOnUiThread":false,"hasInvocation":false,"args":[{"converter":"org.appcelerator.kroll.KrollConverter","defaultValueProvider":"org.appcelerator.kroll.KrollConverter","name":"dict","sourceName":"dict","type":"org.appcelerator.kroll.KrollDict"}],"apiName":"subscribeToCharacteristic","converter":"org.appcelerator.kroll.KrollConverter","defaultValueProvider":"org.appcelerator.kroll.KrollConverter","name":"__default_name__","returnType":"void"},"openL2CAPChannel":{"runOnUiThread":false,"hasInvocation":false,"args":[{"converter":"org.appcelerator.kroll.KrollConverter","defaultValueProvider":"org.appcelerator.kroll.KrollConverter","name":"dict","sourceName":"dict","type":"org.appcelerator.kroll.KrollDict"}],"apiName":"openL2CAPChannel","converter":"org.appcelerator.kroll.KrollConverter","defaultValueProvider":"org.appcelerator.kroll.KrollConverter","name":"__default_name__","returnType":"void"},"readValueForCharacteristic":{"runOnUiThread":false,"hasInvocation":false,"args":[{"converter":"org.appcelerator.kroll.KrollConverter","defaultValueProvider":"org.appcelerator.kroll.KrollConverter","name":"dict","sourceName":"dict","type":"org.appcelerator.kroll.KrollDict"}],"apiName":"readValueForCharacteristic","converter":"org.appcelerator.kroll.KrollConverter","defaultValueProvider":"org.appcelerator.kroll.KrollConverter","name":"__default_name__","returnType":"void"},"discoverIncludedServices":{"runOnUiThread":false,"hasInvocation":false,"args":[{"converter":"org.appcelerator.kroll.KrollConverter","defaultValueProvider":"org.appcelerator.kroll.KrollConverter","name":"dict","sourceName":"dict","type":"org.appcelerator.kroll.KrollDict"}],"apiName":"discoverIncludedServices","converter":"org.appcelerator.kroll.KrollConverter","defaultValueProvider":"org.appcelerator.kroll.KrollConverter","name":"__default_name__","returnType":"void"},"discoverDescriptorsForCharacteristic":{"runOnUiThread":false,"hasInvocation":false,"args":[{"converter":"org.appcelerator.kroll.KrollConverter","defaultValueProvider":"org.appcelerator.kroll.KrollConverter","name":"dict","sourceName":"dict","type":"org.appcelerator.kroll.KrollDict"}],"apiName":"discoverDescriptorsForCharacteristic","converter":"org.appcelerator.kroll.KrollConverter","defaultValueProvider":"org.appcelerator.kroll.KrollConverter","name":"__default_name__","returnType":"void"},"writeValueForCharacteristic":{"runOnUiThread":false,"hasInvocation":false,"args":[{"converter":"org.appcelerator.kroll.KrollConverter","defaultValueProvider":"org.appcelerator.kroll.KrollConverter","name":"dict","sourceName":"dict","type":"org.appcelerator.kroll.KrollDict"}],"apiName":"writeValueForCharacteristic","converter":"org.appcelerator.kroll.KrollConverter","defaultValueProvider":"org.appcelerator.kroll.KrollConverter","name":"__default_name__","returnType":"void"},"requestConnectionPriority":{"runOnUiThread":false,"hasInvocation":false,"args":[{"converter":"org.appcelerator.kroll.KrollConverter","defaultValueProvider":"org.appcelerator.kroll.KrollConverter","name":"priority","sourceName":"priority","type":"int"}],"apiName":"requestConnectionPriority","converter":"org.appcelerator.kroll.KrollConverter","defaultValueProvider":"org.appcelerator.kroll.KrollConverter","name":"__default_name__","returnType":"void"},"writeValueForDescriptor":{"runOnUiThread":false,"hasInvocation":false,"args":[{"converter":"org.appcelerator.kroll.KrollConverter","defaultValueProvider":"org.appcelerator.kroll.KrollConverter","name":"dict","sourceName":"dict","type":"org.appcelerator.kroll.KrollDict"}],"apiName":"writeValueForDescriptor","converter":"org.appcelerator.kroll.KrollConverter","defaultValueProvider":"org.appcelerator.kroll.KrollConverter","name":"__default_name__","returnType":"void"},"discoverServices":{"runOnUiThread":false,"hasInvocation":false,"args":[{"converter":"org.appcelerator.kroll.KrollConverter","defaultValueProvider":"org.appcelerator.kroll.KrollConverter","name":"serviceUUIDStrings","optional":true,"sourceName":"serviceUUIDStrings","type":"java.lang.String[]"}],"apiName":"discoverServices","converter":"org.appcelerator.kroll.KrollConverter","defaultValueProvider":"org.appcelerator.kroll.KrollConverter","name":"__default_name__","returnType":"void"}},"superProxyBindingClassName":"org.appcelerator.kroll.KrollProxyBindingGen","proxyClassName":"TiBLEPeripheralProxy","proxyAttrs":{"propertyAccessors":[],"fullAPIName":"TiBLEPeripheral","name":"TiBLEPeripheral","proxyClassName":"appcelerator.ble.TiBLEPeripheralProxy","isTopLevel":false,"id":"appcelerator.ble.TiBLEPeripheralProxy","creatableInModule":"org.appcelerator.kroll.annotations.Kroll.DEFAULT","parentModule":"org.appcelerator.kroll.annotations.Kroll.DEFAULT"},"packageName":"appcelerator.ble","sourceName":"appcelerator.ble.TiBLEPeripheralProxyBindingGen","isTitaniumSdk":false,"superProxyClassName":"KrollProxy","isModule":false,"genClassName":"TiBLEPeripheralProxyBindingGen"},"appcelerator.ble.peripheral.TiBLEDescriptorRequestProxy":{"superPackageName":"org.appcelerator.kroll","dynamicProperties":{"central":{"set":false,"nativeConverter":"org.appcelerator.kroll.KrollConverter","getMethodName":"central","converter":"org.appcelerator.kroll.KrollConverter","defaultValueProvider":"org.appcelerator.kroll.KrollConverter","javascriptConverter":"org.appcelerator.kroll.KrollConverter","getHasInvocation":false,"runOnUiThread":false,"getMethodArgs":[],"getReturnType":"appcelerator.ble.peripheral.TiBLECentralProxy","get":true,"name":"central","setHasInvocation":false,"getDefaultProviders":[]},"responseNeeded":{"set":false,"nativeConverter":"org.appcelerator.kroll.KrollConverter","getMethodName":"isResponseNeeded","converter":"org.appcelerator.kroll.KrollConverter","defaultValueProvider":"org.appcelerator.kroll.KrollConverter","javascriptConverter":"org.appcelerator.kroll.KrollConverter","getHasInvocation":false,"runOnUiThread":false,"getMethodArgs":[],"getReturnType":"boolean","get":true,"name":"responseNeeded","setHasInvocation":false,"getDefaultProviders":[]},"offset":{"set":false,"nativeConverter":"org.appcelerator.kroll.KrollConverter","getMethodName":"offset","converter":"org.appcelerator.kroll.KrollConverter","defaultValueProvider":"org.appcelerator.kroll.KrollConverter","javascriptConverter":"org.appcelerator.kroll.KrollConverter","getHasInvocation":false,"runOnUiThread":false,"getMethodArgs":[],"getReturnType":"int","get":true,"name":"offset","setHasInvocation":false,"getDefaultProviders":[]},"descriptor":{"set":false,"nativeConverter":"org.appcelerator.kroll.KrollConverter","getMethodName":"descriptor","converter":"org.appcelerator.kroll.KrollConverter","defaultValueProvider":"org.appcelerator.kroll.KrollConverter","javascriptConverter":"org.appcelerator.kroll.KrollConverter","getHasInvocation":false,"runOnUiThread":false,"getMethodArgs":[],"getReturnType":"appcelerator.ble.TiBLEDescriptorProxy","get":true,"name":"descriptor","setHasInvocation":false,"getDefaultProviders":[]},"value":{"set":false,"nativeConverter":"org.appcelerator.kroll.KrollConverter","getMethodName":"value","converter":"org.appcelerator.kroll.KrollConverter","defaultValueProvider":"org.appcelerator.kroll.KrollConverter","javascriptConverter":"org.appcelerator.kroll.KrollConverter","getHasInvocation":false,"runOnUiThread":false,"getMethodArgs":[],"getReturnType":"ti.modules.titanium.BufferProxy","get":true,"name":"value","setHasInvocation":false,"getDefaultProviders":[]}},"methods":{"updateDescriptorValue":{"runOnUiThread":false,"hasInvocation":false,"args":[{"converter":"org.appcelerator.kroll.KrollConverter","defaultValueProvider":"org.appcelerator.kroll.KrollConverter","name":"dict","sourceName":"dict","type":"org.appcelerator.kroll.KrollDict"}],"apiName":"updateDescriptorValue","converter":"org.appcelerator.kroll.KrollConverter","defaultValueProvider":"org.appcelerator.kroll.KrollConverter","name":"__default_name__","returnType":"void"}},"superProxyBindingClassName":"org.appcelerator.kroll.KrollProxyBindingGen","proxyClassName":"TiBLEDescriptorRequestProxy","proxyAttrs":{"propertyAccessors":[],"fullAPIName":"TiBLEDescriptorRequest","name":"TiBLEDescriptorRequest","proxyClassName":"appcelerator.ble.peripheral.TiBLEDescriptorRequestProxy","isTopLevel":false,"id":"appcelerator.ble.peripheral.TiBLEDescriptorRequestProxy","creatableInModule":"org.appcelerator.kroll.annotations.Kroll.DEFAULT","parentModule":"org.appcelerator.kroll.annotations.Kroll.DEFAULT"},"packageName":"appcelerator.ble.peripheral","sourceName":"appcelerator.ble.peripheral.TiBLEDescriptorRequestProxyBindingGen","isTitaniumSdk":false,"superProxyClassName":"KrollProxy","isModule":false,"genClassName":"TiBLEDescriptorRequestProxyBindingGen"},"appcelerator.ble.TiBLEDescriptorProxy":{"superPackageName":"org.appcelerator.kroll","dynamicProperties":{"uuid":{"set":false,"nativeConverter":"org.appcelerator.kroll.KrollConverter","getMethodName":"uuid","converter":"org.appcelerator.kroll.KrollConverter","defaultValueProvider":"org.appcelerator.kroll.KrollConverter","javascriptConverter":"org.appcelerator.kroll.KrollConverter","getHasInvocation":false,"runOnUiThread":false,"getMethodArgs":[],"getReturnType":"java.lang.String","get":true,"name":"uuid","setHasInvocation":false,"getDefaultProviders":[]},"value":{"set":false,"nativeConverter":"org.appcelerator.kroll.KrollConverter","getMethodName":"value","converter":"org.appcelerator.kroll.KrollConverter","defaultValueProvider":"org.appcelerator.kroll.KrollConverter","javascriptConverter":"org.appcelerator.kroll.KrollConverter","getHasInvocation":false,"runOnUiThread":false,"getMethodArgs":[],"getReturnType":"ti.modules.titanium.BufferProxy","get":true,"name":"value","setHasInvocation":false,"getDefaultProviders":[]},"characteristic":{"set":false,"nativeConverter":"org.appcelerator.kroll.KrollConverter","getMethodName":"characteristic","converter":"org.appcelerator.kroll.KrollConverter","defaultValueProvider":"org.appcelerator.kroll.KrollConverter","javascriptConverter":"org.appcelerator.kroll.KrollConverter","getHasInvocation":false,"runOnUiThread":false,"getMethodArgs":[],"getReturnType":"appcelerator.ble.TiBLECharacteristicProxy","get":true,"name":"characteristic","setHasInvocation":false,"getDefaultProviders":[]}},"superProxyBindingClassName":"org.appcelerator.kroll.KrollProxyBindingGen","proxyClassName":"TiBLEDescriptorProxy","proxyAttrs":{"propertyAccessors":[],"fullAPIName":"TiBLEDescriptor","name":"TiBLEDescriptor","proxyClassName":"appcelerator.ble.TiBLEDescriptorProxy","isTopLevel":false,"id":"appcelerator.ble.TiBLEDescriptorProxy","creatableInModule":"org.appcelerator.kroll.annotations.Kroll.DEFAULT","parentModule":"org.appcelerator.kroll.annotations.Kroll.DEFAULT"},"packageName":"appcelerator.ble","sourceName":"appcelerator.ble.TiBLEDescriptorProxyBindingGen","isTitaniumSdk":false,"superProxyClassName":"KrollProxy","isModule":false,"genClassName":"TiBLEDescriptorProxyBindingGen"},"appcelerator.ble.peripheral.TiBLECharacteristicRequestProxy":{"superPackageName":"org.appcelerator.kroll","dynamicProperties":{"central":{"set":false,"nativeConverter":"org.appcelerator.kroll.KrollConverter","getMethodName":"central","converter":"org.appcelerator.kroll.KrollConverter","defaultValueProvider":"org.appcelerator.kroll.KrollConverter","javascriptConverter":"org.appcelerator.kroll.KrollConverter","getHasInvocation":false,"runOnUiThread":false,"getMethodArgs":[],"getReturnType":"appcelerator.ble.peripheral.TiBLECentralProxy","get":true,"name":"central","setHasInvocation":false,"getDefaultProviders":[]},"responseNeeded":{"set":false,"nativeConverter":"org.appcelerator.kroll.KrollConverter","getMethodName":"responseNeeded","converter":"org.appcelerator.kroll.KrollConverter","defaultValueProvider":"org.appcelerator.kroll.KrollConverter","javascriptConverter":"org.appcelerator.kroll.KrollConverter","getHasInvocation":false,"runOnUiThread":false,"getMethodArgs":[],"getReturnType":"boolean","get":true,"name":"responseNeeded","setHasInvocation":false,"getDefaultProviders":[]},"offset":{"set":false,"nativeConverter":"org.appcelerator.kroll.KrollConverter","getMethodName":"offset","converter":"org.appcelerator.kroll.KrollConverter","defaultValueProvider":"org.appcelerator.kroll.KrollConverter","javascriptConverter":"org.appcelerator.kroll.KrollConverter","getHasInvocation":false,"runOnUiThread":false,"getMethodArgs":[],"getReturnType":"int","get":true,"name":"offset","setHasInvocation":false,"getDefaultProviders":[]},"value":{"set":false,"nativeConverter":"org.appcelerator.kroll.KrollConverter","getMethodName":"value","converter":"org.appcelerator.kroll.KrollConverter","defaultValueProvider":"org.appcelerator.kroll.KrollConverter","javascriptConverter":"org.appcelerator.kroll.KrollConverter","getHasInvocation":false,"runOnUiThread":false,"getMethodArgs":[],"getReturnType":"ti.modules.titanium.BufferProxy","get":true,"name":"value","setHasInvocation":false,"getDefaultProviders":[]},"characteristic":{"set":false,"nativeConverter":"org.appcelerator.kroll.KrollConverter","getMethodName":"characteristic","converter":"org.appcelerator.kroll.KrollConverter","defaultValueProvider":"org.appcelerator.kroll.KrollConverter","javascriptConverter":"org.appcelerator.kroll.KrollConverter","getHasInvocation":false,"runOnUiThread":false,"getMethodArgs":[],"getReturnType":"appcelerator.ble.TiBLECharacteristicProxy","get":true,"name":"characteristic","setHasInvocation":false,"getDefaultProviders":[]}},"methods":{"updateValue":{"runOnUiThread":false,"hasInvocation":false,"args":[{"converter":"org.appcelerator.kroll.KrollConverter","defaultValueProvider":"org.appcelerator.kroll.KrollConverter","name":"dict","sourceName":"dict","type":"org.appcelerator.kroll.KrollDict"}],"apiName":"updateValue","converter":"org.appcelerator.kroll.KrollConverter","defaultValueProvider":"org.appcelerator.kroll.KrollConverter","name":"__default_name__","returnType":"void"}},"superProxyBindingClassName":"org.appcelerator.kroll.KrollProxyBindingGen","proxyClassName":"TiBLECharacteristicRequestProxy","proxyAttrs":{"propertyAccessors":[],"fullAPIName":"TiBLERequestProxy","name":"TiBLERequestProxy","proxyClassName":"appcelerator.ble.peripheral.TiBLECharacteristicRequestProxy","isTopLevel":false,"id":"appcelerator.ble.peripheral.TiBLECharacteristicRequestProxy","creatableInModule":"org.appcelerator.kroll.annotations.Kroll.DEFAULT","parentModule":"org.appcelerator.kroll.annotations.Kroll.DEFAULT"},"packageName":"appcelerator.ble.peripheral","sourceName":"appcelerator.ble.peripheral.TiBLECharacteristicRequestProxyBindingGen","isTitaniumSdk":false,"superProxyClassName":"KrollProxy","isModule":false,"genClassName":"TiBLECharacteristicRequestProxyBindingGen"},"appcelerator.ble.TiBLEServiceProxy":{"superPackageName":"org.appcelerator.kroll","dynamicProperties":{"characteristics":{"set":false,"nativeConverter":"org.appcelerator.kroll.KrollConverter","getMethodName":"characteristics","converter":"org.appcelerator.kroll.KrollConverter","defaultValueProvider":"org.appcelerator.kroll.KrollConverter","javascriptConverter":"org.appcelerator.kroll.KrollConverter","getHasInvocation":false,"runOnUiThread":false,"getMethodArgs":[],"getReturnType":"appcelerator.ble.TiBLECharacteristicProxy[]","get":true,"name":"characteristics","setHasInvocation":false,"getDefaultProviders":[]},"isPrimary":{"set":false,"nativeConverter":"org.appcelerator.kroll.KrollConverter","getMethodName":"isPrimary","converter":"org.appcelerator.kroll.KrollConverter","defaultValueProvider":"org.appcelerator.kroll.KrollConverter","javascriptConverter":"org.appcelerator.kroll.KrollConverter","getHasInvocation":false,"runOnUiThread":false,"getMethodArgs":[],"getReturnType":"boolean","get":true,"name":"isPrimary","setHasInvocation":false,"getDefaultProviders":[]},"includedServices":{"set":false,"nativeConverter":"org.appcelerator.kroll.KrollConverter","getMethodName":"includedServices","converter":"org.appcelerator.kroll.KrollConverter","defaultValueProvider":"org.appcelerator.kroll.KrollConverter","javascriptConverter":"org.appcelerator.kroll.KrollConverter","getHasInvocation":false,"runOnUiThread":false,"getMethodArgs":[],"getReturnType":"appcelerator.ble.TiBLEServiceProxy[]","get":true,"name":"includedServices","setHasInvocation":false,"getDefaultProviders":[]},"uuid":{"set":false,"nativeConverter":"org.appcelerator.kroll.KrollConverter","getMethodName":"uuid","converter":"org.appcelerator.kroll.KrollConverter","defaultValueProvider":"org.appcelerator.kroll.KrollConverter","javascriptConverter":"org.appcelerator.kroll.KrollConverter","getHasInvocation":false,"runOnUiThread":false,"getMethodArgs":[],"getReturnType":"java.lang.String","get":true,"name":"uuid","setHasInvocation":false,"getDefaultProviders":[]}},"superProxyBindingClassName":"org.appcelerator.kroll.KrollProxyBindingGen","proxyClassName":"TiBLEServiceProxy","proxyAttrs":{"propertyAccessors":[],"fullAPIName":"TiBLEService","name":"TiBLEService","proxyClassName":"appcelerator.ble.TiBLEServiceProxy","isTopLevel":false,"id":"appcelerator.ble.TiBLEServiceProxy","creatableInModule":"org.appcelerator.kroll.annotations.Kroll.DEFAULT","parentModule":"org.appcelerator.kroll.annotations.Kroll.DEFAULT"},"packageName":"appcelerator.ble","sourceName":"appcelerator.ble.TiBLEServiceProxyBindingGen","isTitaniumSdk":false,"superProxyClassName":"KrollProxy","isModule":false,"genClassName":"TiBLEServiceProxyBindingGen"},"appcelerator.ble.peripheral.TiBLEMutableCharacteristicProxy":{"superPackageName":"appcelerator.ble","dynamicProperties":{"subscribedCentrals":{"set":false,"nativeConverter":"org.appcelerator.kroll.KrollConverter","getMethodName":"subscribedCentrals","converter":"org.appcelerator.kroll.KrollConverter","defaultValueProvider":"org.appcelerator.kroll.KrollConverter","javascriptConverter":"org.appcelerator.kroll.KrollConverter","getHasInvocation":false,"runOnUiThread":false,"getMethodArgs":[],"getReturnType":"appcelerator.ble.peripheral.TiBLECentralProxy[]","get":true,"name":"subscribedCentrals","setHasInvocation":false,"getDefaultProviders":[]}},"superProxyBindingClassName":"appcelerator.ble.TiBLECharacteristicProxyBindingGen","proxyClassName":"TiBLEMutableCharacteristicProxy","proxyAttrs":{"propertyAccessors":[],"fullAPIName":"TiBLEMutableCharacteristic","name":"TiBLEMutableCharacteristic","proxyClassName":"appcelerator.ble.peripheral.TiBLEMutableCharacteristicProxy","isTopLevel":false,"id":"appcelerator.ble.peripheral.TiBLEMutableCharacteristicProxy","creatableInModule":"org.appcelerator.kroll.annotations.Kroll.DEFAULT","parentModule":"org.appcelerator.kroll.annotations.Kroll.DEFAULT"},"packageName":"appcelerator.ble.peripheral","sourceName":"appcelerator.ble.peripheral.TiBLEMutableCharacteristicProxyBindingGen","isTitaniumSdk":false,"superProxyClassName":"TiBLECharacteristicProxy","isModule":false,"genClassName":"TiBLEMutableCharacteristicProxyBindingGen"}},"modules":{"appcelerator.ble.AppceleratorBleModule":{"apiName":"AppceleratorBleModule"}}}